﻿<?xml version="1.0" encoding="UTF-8"?><idempiere Name="AD_Menu" Version="1.0.0" idempiereVersion="8.2.0.qualifier" DataBaseVersion="2020-12-20" Description="" Author="SuperUser" AuthorEmail="superuser @ idempiere.com" CreatedDate="Sun May 02 17:45:44 CEST 2021" UpdatedDate="Sun May 02 17:45:44 CEST 2021" PackOutVersion="100" UpdateDictionary="false" Client="0-SYSTEM-System" AD_Client_UU="11237b53-9592-4af1-b3c5-afd216514b5d">
    <AD_EntityType type="table">
        <AD_Client_ID>0</AD_Client_ID>
        <AD_Org_ID>0</AD_Org_ID>
        <EntityType>BAY</EntityType>
        <AD_Org_ID reference="id">0</AD_Org_ID>
        <IsActive>Y</IsActive>
        <Name>FreiBier</Name>
        <Description>Implementation from BX Service/Thomas Bayen for FreiBier, German/European localization and more</Description>
        <Help/>
        <Version/>
        <ModelPackage/>
        <Classpath/>
        <Processing>N</Processing>
        <AD_EntityType_UU>ea7c6bae-5992-4f08-8777-c264078da40f</AD_EntityType_UU>
    </AD_EntityType>
    <AD_Menu type="table">
        <Parent_ID reference="id">158</Parent_ID>
        <SeqNo>12</SeqNo>
        <AD_Client_ID>0</AD_Client_ID>
        <AD_Org_ID>0</AD_Org_ID>
        <Name>BI Dashboard</Name>
        <Description/>
        <Action>X</Action>
        <AD_Window_ID reference="id"/>
        <AD_Workflow_ID reference="id"/>
        <AD_Task_ID reference="id"/>
        <AD_Org_ID reference="id">0</AD_Org_ID>
        <IsActive>Y</IsActive>
        <IsSummary>N</IsSummary>
        <AD_Process_ID reference="id"/>
        <IsSOTrx>Y</IsSOTrx>
        <AD_Form_ID reference="uuid" reference-key="AD_Form">8dff9048-cbfa-4760-b46c-e1b6b2709ae9</AD_Form_ID>
        <IsReadOnly>N</IsReadOnly>
        <EntityType>BAY</EntityType>
        <IsCentrallyMaintained>Y</IsCentrallyMaintained>
        <AD_Menu_UU>77531308-1896-4472-b0d1-b36709fbfd4b</AD_Menu_UU>
        <AD_InfoWindow_ID reference="id"/>
        <PredefinedContextVariables/>
        <AD_Menu_Trl type="translation">
            <Description/>
            <Name>BI Dashboard</Name>
            <AD_Language>es_CO</AD_Language>
            <IsActive>Y</IsActive>
            <IsTranslated>N</IsTranslated>
        </AD_Menu_Trl>
        <AD_Form type="table">
            <AD_Client_ID>0</AD_Client_ID>
            <AD_Org_ID>0</AD_Org_ID>
            <AD_Org_ID reference="id">0</AD_Org_ID>
            <IsActive>Y</IsActive>
            <Name>BI Dashboard</Name>
            <Description>Business Intelligence Dashboard</Description>
            <Help/>
            <Classname>de.bxservice.metabase.webui.apps.form.MBDashboard</Classname>
            <AccessLevel>7</AccessLevel>
            <EntityType>BAY</EntityType>
            <IsBetaFunctionality>N</IsBetaFunctionality>
            <JSPURL/>
            <AD_Form_UU>8dff9048-cbfa-4760-b46c-e1b6b2709ae9</AD_Form_UU>
            <AD_CtxHelp_ID reference="id"/>
            <AD_Form_Trl type="translation">
                <Description>Business Intelligence Dashboard</Description>
                <Help/>
                <Name>BI Dashboard</Name>
                <AD_Language>es_CO</AD_Language>
                <IsActive>Y</IsActive>
                <IsTranslated>N</IsTranslated>
            </AD_Form_Trl>
        </AD_Form>
    </AD_Menu>
</idempiere>
